[{"model": "auth.user", "pk": 1, "fields": {"password": "pbkdf2_sha256$720000$N5XRZCNmkImi6i8xgdIgK0$14U11h0nBOKyTHox6O4JNEpNEdy1f1dvx2DEvUA3KYY=", "last_login": null, "is_superuser": true, "username": "devanshisaxena", "first_name": "", "last_name": "", "email": "dewanshi.saxena7@gmail.com", "is_staff": true, "is_active": true, "date_joined": "2026-05-10T19:28:39.614Z", "groups": [], "user_permissions": []}}, {"model": "sessions.session", "pk": "6oavd4ni7c5fyvk2rs7l9us9hhkuc8tl", "fields": {"session_data": "eyJ0ZWFjaGVyX2lkIjo1Nn0:1wCKHP:obEm1rZ8jQwwNnVKTwtrx_pYXWh3v2_YcTcuARkCnIk", "expire_date": "2026-04-27T16:36:55.239Z"}}, {"model": "sessions.session", "pk": "7xzkkymesicyk07mb3out2d7q1bz1j3s", "fields": {"session_data": "eyJ0ZWFjaGVyX2lkIjo1Nn0:1wKxfw:XQ4sCFi3_OfnZAhbtGoucMvXqpB8E33DoxARDg-GOmQ", "expire_date": "2026-05-21T12:17:56.666Z"}}, {"model": "sessions.session", "pk": "bguy1mznpsbhblnjwhwgeb2fncax1qak", "fields": {"session_data": "eyJzdHVkZW50X2lkIjoyNSwidGVhY2hlcl9pZCI6NTZ9:1wBDHm:euuaFm_lvp4ssMcu-MP8Fax-UsIHA7AvuNFecEbdXdE", "expire_date": "2026-04-24T14:56:42.173Z"}}, {"model": "sessions.session", "pk": "f9c9jjrog5xllamj765qgn5ppzu2qgaw", "fields": {"session_data": "eyJ0ZWFjaGVyX2lkIjoyLCJzdHVkZW50X2lkIjoyNX0:1w9oLl:50i2BetIbEdTKSte2tXl3PozIiyvyadfcYNPOAKoRgM", "expire_date": "2026-04-20T18:07:01.378Z"}}, {"model": "sessions.session", "pk": "hnjcf604ojevsaprxcjw80w4jfug09b8", "fields": {"session_data": "eyJzdHVkZW50X2lkIjoyNSwidGVhY2hlcl9pZCI6NTZ9:1wJw6l:ganJ_DS8w5HQmmNqeuOnXxlpOB7V7UEZzV7fc2qkX1Y", "expire_date": "2026-05-18T16:25:23.939Z"}}, {"model": "sessions.session", "pk": "lprynynzezd293drmkd2hw4fmdpfgd1x", "fields": {"session_data": "eyJzdHVkZW50X2lkIjoyNX0:1wBAlB:c052kTVgqHzPrJTut4Ka8XWrXyDLeHdNJXfir7RA0ig", "expire_date": "2026-04-24T12:14:53.266Z"}}, {"model": "sessions.session", "pk": "rhmc0y1krka6trc78umfslstcxq9h5z4", "fields": {"session_data": "eyJ0ZWFjaGVyX2lkIjoyfQ:1w9oKz:fM5IPbwjGI3eAhkC95M2xfeVNmlALCIt-8RyICQ2RmY", "expire_date": "2026-04-20T18:06:13.999Z"}}, {"model": "core.teacher", "pk": 38, "fields": {"name": "Basant Namdeo", "teacher_id": "basantnamdeo01", "password": "pbkdf2_sha256$720000$0HC3gmlPazOBLd9stVCBsR$YqwKFqUODLNNKjeKzekkCyZGWNL7QE4fJzAcCukfeQg=", "email": null, "otp": null, "is_first_login": true, "is_active": true}}, {"model": "core.teacher", "pk": 39, "fields": {"name": "Dheeraj Upadhyay", "teacher_id": "dheerajupadhyay02", "password": "pbkdf2_sha256$720000$0HC3gmlPazOBLd9stVCBsR$YqwKFqUODLNNKjeKzekkCyZGWNL7QE4fJzAcCukfeQg=", "email": null, "otp": null, "is_first_login": true, "is_active": true}}, {"model": "core.teacher", "pk": 40, "fields": {"name": "Jugendra Dongre", "teacher_id": "jugendradongre03", "password": "pbkdf2_sha256$720000$0HC3gmlPazOBLd9stVCBsR$YqwKFqUODLNNKjeKzekkCyZGWNL7QE4fJzAcCukfeQg=", "email": null, "otp": null, "is_first_login": true, "is_active": true}}, {"model": "core.teacher", "pk": 41, "fields": {"name": "Kirti Mathur", "teacher_id": "kirtimathur04", "password": "pbkdf2_sha256$720000$0HC3gmlPazOBLd9stVCBsR$YqwKFqUODLNNKjeKzekkCyZGWNL7QE4fJzAcCukfeQg=", "email": null, "otp": null, "is_first_login": true, "is_active": true}}, {"model": "core.teacher", "pk": 42, "fields": {"name": "Kirti Vijayvargiya", "teacher_id": "kirtivijayvargiya05", "password": "pbkdf2_sha256$720000$0HC3gmlPazOBLd9stVCBsR$YqwKFqUODLNNKjeKzekkCyZGWNL7QE4fJzAcCukfeQg=", "email": null, "otp": null, "is_first_login": true, "is_active": true}}, {"model": "core.teacher", "pk": 43, "fields": {"name": "Manju Suchdeo", "teacher_id": "manjusuchdeo06", "password": "pbkdf2_sha256$720000$0HC3gmlPazOBLd9stVCBsR$YqwKFqUODLNNKjeKzekkCyZGWNL7QE4fJzAcCukfeQg=", "email": null, "otp": null, "is_first_login": true, "is_active": true}}, {"model": "core.teacher", "pk": 44, "fields": {"name": "Nitin Nagar", "teacher_id": "nitinnagar07", "password": "pbkdf2_sha256$720000$0HC3gmlPazOBLd9stVCBsR$YqwKFqUODLNNKjeKzekkCyZGWNL7QE4fJzAcCukfeQg=", "email": null, "otp": null, "is_first_login": true, "is_active": true}}, {"model": "core.teacher", "pk": 45, "fields": {"name": "Poonam Mangwani", "teacher_id": "poonammangwani08", "password": "pbkdf2_sha256$720000$0HC3gmlPazOBLd9stVCBsR$YqwKFqUODLNNKjeKzekkCyZGWNL7QE4fJzAcCukfeQg=", "email": null, "otp": null, "is_first_login": true, "is_active": true}}, {"model": "core.teacher", "pk": 46, "fields": {"name": "Pradeep K. Jatav", "teacher_id": "pradeepkjatav09", "password": "pbkdf2_sha256$720000$0HC3gmlPazOBLd9stVCBsR$YqwKFqUODLNNKjeKzekkCyZGWNL7QE4fJzAcCukfeQg=", "email": null, "otp": null, "is_first_login": true, "is_active": true}}, {"model": "core.teacher", "pk": 47, "fields": {"name": "Rahul Singhai", "teacher_id": "rahulsinghai10", "password": "pbkdf2_sha256$720000$0HC3gmlPazOBLd9stVCBsR$YqwKFqUODLNNKjeKzekkCyZGWNL7QE4fJzAcCukfeQg=", "email": null, "otp": null, "is_first_login": true, "is_active": true}}, {"model": "core.teacher", "pk": 48, "fields": {"name": "Rajesh Verma", "teacher_id": "rajeshverma11", "password": "pbkdf2_sha256$720000$0HC3gmlPazOBLd9stVCBsR$YqwKFqUODLNNKjeKzekkCyZGWNL7QE4fJzAcCukfeQg=", "email": null, "otp": null, "is_first_login": true, "is_active": true}}, {"model": "core.teacher", "pk": 49, "fields": {"name": "Ramesh Thakur", "teacher_id": "rameshthakur12", "password": "pbkdf2_sha256$720000$0HC3gmlPazOBLd9stVCBsR$YqwKFqUODLNNKjeKzekkCyZGWNL7QE4fJzAcCukfeQg=", "email": null, "otp": null, "is_first_login": true, "is_active": true}}, {"model": "core.teacher", "pk": 50, "fields": {"name": "Rupesh Sendre", "teacher_id": "rupeshsendre13", "password": "pbkdf2_sha256$720000$0HC3gmlPazOBLd9stVCBsR$YqwKFqUODLNNKjeKzekkCyZGWNL7QE4fJzAcCukfeQg=", "email": null, "otp": null, "is_first_login": true, "is_active": true}}, {"model": "core.teacher", "pk": 51, "fields": {"name": "Shailvi Verma", "teacher_id": "shailviverma14", "password": "pbkdf2_sha256$720000$0HC3gmlPazOBLd9stVCBsR$YqwKFqUODLNNKjeKzekkCyZGWNL7QE4fJzAcCukfeQg=", "email": null, "otp": null, "is_first_login": true, "is_active": true}}, {"model": "core.teacher", "pk": 52, "fields": {"name": "Shaligram Prajapat", "teacher_id": "shaligramprajapat15", "password": "pbkdf2_sha256$720000$0HC3gmlPazOBLd9stVCBsR$YqwKFqUODLNNKjeKzekkCyZGWNL7QE4fJzAcCukfeQg=", "email": null, "otp": null, "is_first_login": true, "is_active": true}}, {"model": "core.teacher", "pk": 53, "fields": {"name": "Shraddha Soni", "teacher_id": "shraddhasoni16", "password": "pbkdf2_sha256$720000$0HC3gmlPazOBLd9stVCBsR$YqwKFqUODLNNKjeKzekkCyZGWNL7QE4fJzAcCukfeQg=", "email": null, "otp": null, "is_first_login": true, "is_active": true}}, {"model": "core.teacher", "pk": 54, "fields": {"name": "Vivek Shrivastava", "teacher_id": "vivekshrivastava17", "password": "pbkdf2_sha256$720000$0HC3gmlPazOBLd9stVCBsR$YqwKFqUODLNNKjeKzekkCyZGWNL7QE4fJzAcCukfeQg=", "email": null, "otp": null, "is_first_login": true, "is_active": true}}, {"model": "core.teacher", "pk": 55, "fields": {"name": "Yasmin Shaikh", "teacher_id": "yasminshaikh18", "password": "pbkdf2_sha256$720000$0HC3gmlPazOBLd9stVCBsR$YqwKFqUODLNNKjeKzekkCyZGWNL7QE4fJzAcCukfeQg=", "email": null, "otp": null, "is_first_login": true, "is_active": true}}, {"model": "core.teacher", "pk": 56, "fields": {"name": "Chinu Saxena", "teacher_id": "chinusaxena19", "password": "pbkdf2_sha256$720000$0vBin0neEMAyW6x1nFuRoU$crhwvHKCa0nqGlBtrAWB8Vk4IGC1wRSXB02pjwrB6/c=", "email": "dewanshi.saxena7@gmail.com", "otp": null, "is_first_login": false, "is_active": true}}, {"model": "core.teacher", "pk": 57, "fields": {"name": "Deepak Bhatnagar", "teacher_id": "deepakbhatnagar20", "password": "pbkdf2_sha256$720000$0HC3gmlPazOBLd9stVCBsR$YqwKFqUODLNNKjeKzekkCyZGWNL7QE4fJzAcCukfeQg=", "email": null, "otp": null, "is_first_login": true, "is_active": true}}, {"model": "core.student", "pk": 2, "fields": {"roll_number": "IC-2K23-01", "name": "AASTHA MATHANIYA", "password": "pbkdf2_sha256$720000$6Yn9QQ8Uf7DD7mTvmCudMO$geAk6F8uiBbEXet3YMWhwetO4RQsLdUFNBiPWVwN4SU=", "section": "A", "email": null, "is_active": true}}, {"model": "core.student", "pk": 3, "fields": {"roll_number": "IC-2K23-02", "name": "AAYUSH CHOURASIA", "password": "pbkdf2_sha256$720000$nILeMOopqZYALz7Y7vFi3x$wBLRzzXTI3tfyg5nVM9c1o9ZpvRoVSCOcZaoVXz8U18=", "section": "A", "email": null, "is_active": true}}, {"model": "core.student", "pk": 4, "fields": {"roll_number": "IC-2K23-03", "name": "AAYUSH SURYAWANSHI", "password": "pbkdf2_sha256$720000$6BrpuXjNP1W7mqmAfCKfps$m+NkQBPY4QhKbA4B0ebyKpgrCJjExnjLjjn3fJIwcjQ=", "section": "A", "email": null, "is_active": true}}, {"model": "core.student", "pk": 5, "fields": {"roll_number": "IC-2K23-04", "name": "AAYUSHI RATHORE", "password": "pbkdf2_sha256$720000$8W6MAaJ1MGBrESDpJc8uAu$n6ZbOf2w90R5NSE6m4cHPkfUzG+2XMxVQM3uK5SDdQ8=", "section": "A", "email": null, "is_active": true}}, {"model": "core.student", "pk": 6, "fields": {"roll_number": "IC-2K23-05", "name": "ABDUL REHMAN MANSOORI", "password": "pbkdf2_sha256$720000$Sq6MQImNj3df8tWXgv3711$hMBAcL8Pyy6qEzWuhoo3HPYk5eCarZDSVrPObBtimuo=", "section": "A", "email": null, "is_active": true}}, {"model": "core.student", "pk": 7, "fields": {"roll_number": "IC-2K23-06", "name": "ABHISHEK YADAV", "password": "pbkdf2_sha256$720000$sM8eDQ9KM3DTFkOATmr3Bd$yqsYk5z1C7+0UxqZ3alRJ6Mk0P2dTs2o844QvO7lfAg=", "section": "A", "email": null, "is_active": true}}, {"model": "core.student", "pk": 8, "fields": {"roll_number": "IC-2K23-07", "name": "AKSHAT THAKUR", "password": "pbkdf2_sha256$720000$Zy4TwMCbjT76wZCdRuhakJ$788+967q0fs0lEFcFpp4Xx7/7WJmRqIxgIC21A0QlGg=", "section": "A", "email": null, "is_active": true}}, {"model": "core.student", "pk": 9, "fields": {"roll_number": "IC-2K23-08", "name": "AKSHATA RAMESH GHODCHAR", "password": "pbkdf2_sha256$720000$X4Km7KxQnIjFrafwuzvH9f$ntANIl8K+mlTnBHJlzuhH6FcD71Ru5Q0g8uTePjDoXU=", "section": "A", "email": null, "is_active": true}}, {"model": "core.student", "pk": 10, "fields": {"roll_number": "IC-2K23-09", "name": "AKSHAY JAIN", "password": "pbkdf2_sha256$720000$Ngo0kZzjByooG2vIlboM5y$F9pHh6zv4V6vxz0qDS30/6pYfCNKQ/7saI4Wq3lH49E=", "section": "A", "email": null, "is_active": true}}, {"model": "core.student", "pk": 11, "fields": {"roll_number": "IC-2K23-10", "name": "ANIKA BABAR", "password": "pbkdf2_sha256$720000$76TcADYSyfZMlZQwdqnYoE$JVraRdKxiXVs1znLi4NKln9tQgmPbQWzqtlx16kB+AE=", "section": "A", "email": null, "is_active": true}}, {"model": "core.student", "pk": 12, "fields": {"roll_number": "IC-2K23-11", "name": "ANSHITA SONI", "password": "pbkdf2_sha256$720000$PaZkNOYSfTocej4O2PbisU$I1iex3l+/fSiSsIeNKxqMdf+TKdqAWjStry3/pebelM=", "section": "A", "email": null, "is_active": true}}, {"model": "core.student", "pk": 13, "fields": {"roll_number": "IC-2K23-12", "name": "ANUSHKA SHARMA", "password": "pbkdf2_sha256$720000$sB8bOEYbrkqFZrwyNIq1b1$7wfYiWO9LYjWyU2uKS0xMx+V2HLsDNvNvxqpdhRss/k=", "section": "A", "email": null, "is_active": true}}, {"model": "core.student", "pk": 14, "fields": {"roll_number": "IC-2K23-13", "name": "ASHWIN SUPATH", "password": "pbkdf2_sha256$720000$QQgrr11EbF3cZwSe1DBQz5$Mzt+XNGYJIv44CT1mP7+SBXs1sEABy7W0uayOjZRfTI=", "section": "A", "email": null, "is_active": true}}, {"model": "core.student", "pk": 15, "fields": {"roll_number": "IC-2K23-14", "name": "ATHARV CHINCHE", "password": "pbkdf2_sha256$720000$ouyTG6R9XAIcvS2P35iz1a$Zm1XgVbuHEIUls1q3Or5pcEfMok8QnCiutBBlCYeCBI=", "section": "A", "email": null, "is_active": true}}, {"model": "core.student", "pk": 16, "fields": {"roll_number": "IC-2K23-15", "name": "ATHARVA CHAUHAN", "password": "pbkdf2_sha256$720000$luLooX7c1N3ejRLxgfHBtQ$rn23i5Bqx7escYxMBRAp+32QQy18ZoIOajWA7AuvFkI=", "section": "A", "email": null, "is_active": true}}, {"model": "core.student", "pk": 17, "fields": {"roll_number": "IC-2K23-16", "name": "AYUSH JAISWAL", "password": "pbkdf2_sha256$720000$7M7DbGcbKxYgWuXsTwThke$nWzWuupawfrMXbF/NdmriLzH8SwpIubFA/nIZBFs0MA=", "section": "A", "email": null, "is_active": true}}, {"model": "core.student", "pk": 18, "fields": {"roll_number": "IC-2K23-17", "name": "AYUSH SINDHIYA", "password": "pbkdf2_sha256$720000$DJSsWpQmENvDTnwp04ic9q$1eZED/Iw5BN6igL54x10ytRUoh0m/D7bbPEi4ioGtFk=", "section": "A", "email": null, "is_active": true}}, {"model": "core.student", "pk": 19, "fields": {"roll_number": "IC-2K23-18", "name": "BISHAL KUMAR", "password": "pbkdf2_sha256$720000$Kk3Aw9yyWyBLKhcyZjKhAl$b/WjSuzgpiHiwRlmsdNmCYpOh8rToBBOO7w9X1P+RiU=", "section": "A", "email": null, "is_active": true}}, {"model": "core.student", "pk": 20, "fields": {"roll_number": "IC-2K23-19", "name": "CHINDAN KUSHWAHA", "password": "pbkdf2_sha256$720000$pfsySorSr3pmzTZJCii2C1$jCzjOXFMawfdV1CfnSwB0FTLZsmqno64DjBq1y3ysP0=", "section": "A", "email": null, "is_active": true}}, {"model": "core.student", "pk": 21, "fields": {"roll_number": "IC-2K23-20", "name": "DEEPSHIKHA VISHWAKARMA", "password": "pbkdf2_sha256$720000$l4Xli12qOC59b3Kap3GC5U$n7EhWCF9aaQ1P7M008KG6qpasxwi9cSTNY5lJK3Efb0=", "section": "A", "email": null, "is_active": true}}, {"model": "core.student", "pk": 22, "fields": {"roll_number": "IC-2K23-21", "name": "DEV KUMAR JAIN", "password": "pbkdf2_sha256$720000$M93Ci7fTWijucShOWO0iGn$wHTVmGz3LlGHRh98L+70opxf/jFiEze4b4Dzr8gLsjE=", "section": "A", "email": null, "is_active": true}}, {"model": "core.student", "pk": 23, "fields": {"roll_number": "IC-2K23-22", "name": "DEV PANDEY", "password": "pbkdf2_sha256$720000$kMf73wZp2nb46BmhrCr2Mx$Zn2IYApX9pcYb4IR+Lr9q932fPA7+vtLaQjcVc8GePU=", "section": "A", "email": null, "is_active": true}}, {"model": "core.student", "pk": 24, "fields": {"roll_number": "IC-2K23-23", "name": "DEVANSHI KARVE", "password": "pbkdf2_sha256$720000$Pae346ZLGTmeYGsHc7HWq6$aIUS+vvczYSyFayQex7nOOm2aTQjWdN3+LLl83MX4oU=", "section": "A", "email": null, "is_active": true}}, {"model": "core.student", "pk": 25, "fields": {"roll_number": "IC-2K23-24", "name": "DEVANSHI SAXENA", "password": "pbkdf2_sha256$720000$5HwQknr3DcPAaNSYT5XKFd$Ym1LOUJmA8AiOtGUGMe5vvk7ozskYWxCOQLa/G1G0QQ=", "section": "A", "email": null, "is_active": true}}, {"model": "core.student", "pk": 26, "fields": {"roll_number": "IC-2K23-25", "name": "DEVASHISH PATEL", "password": "pbkdf2_sha256$720000$4Ip9HnIMsK4TPzpHCfv8KS$1+/QGBKx539iJL6lbPQSwwPLSU4nlaPJBbsRmOHEkLo=", "section": "A", "email": null, "is_active": true}}, {"model": "core.student", "pk": 27, "fields": {"roll_number": "IC-2K23-26", "name": "DHAIRYA JOSHI", "password": "pbkdf2_sha256$720000$iUsS5cLkm6Dzi98h1bdCBA$kNj2h+02Y4jszwJCxwcXNEbZIckVME68u/q2F7XLaoI=", "section": "A", "email": null, "is_active": true}}, {"model": "core.student", "pk": 28, "fields": {"roll_number": "IC-2K23-27", "name": "DISHA CHAWLA", "password": "pbkdf2_sha256$720000$wn8nYcPeZwmfocDaUc5QFP$U2lgOaQtzlrg3caRoipYiUIWvdMk3Zxr8sbb031YCl0=", "section": "A", "email": null, "is_active": true}}, {"model": "core.student", "pk": 29, "fields": {"roll_number": "IC-2K23-28", "name": "DISHAN SHEIKH", "password": "pbkdf2_sha256$720000$DwVkKoIlIPJpZvSbTKNAvo$c6zDMOhszuLrOiA3S4kHzN8xu4q3wY8sqUMYxkltLps=", "section": "A", "email": null, "is_active": true}}, {"model": "core.student", "pk": 30, "fields": {"roll_number": "IC-2K23-29", "name": "DIVYA SHARMA", "password": "pbkdf2_sha256$720000$HeWnKOgNLwWTikFHB83TQA$Bi0Fwy45p/KXxCtiowPqeXswgSRVyZ0ZpRiFlKLfFv0=", "section": "A", "email": null, "is_active": true}}, {"model": "core.student", "pk": 31, "fields": {"roll_number": "IC-2K23-30", "name": "DIVYANSH AREKAR", "password": "pbkdf2_sha256$720000$KNTrLoABx4IPjalBadWK2d$N1Rz9evvV5zuNAMgeIhttZLJ73BgcydU3gKb1UaF/O4=", "section": "A", "email": null, "is_active": true}}, {"model": "core.student", "pk": 32, "fields": {"roll_number": "IC-2K23-31", "name": "DIVYANSH VERMA", "password": "pbkdf2_sha256$720000$nF4rai8viZSMDpefK8KjkT$U3BZuiB3d1f1DvToe3GCXbovM8PWAeW6jIKo7G1yHdA=", "section": "A", "email": null, "is_active": true}}, {"model": "core.student", "pk": 33, "fields": {"roll_number": "IC-2K23-32", "name": "DIVYESH SINGH GEHLOT", "password": "pbkdf2_sha256$720000$OrZLzsw7MSNlKTRhweZD8w$n6uXyhqPPCbLHHeEQdGqfhuM6KE5lS8nXgu1QIRtOrk=", "section": "A", "email": null, "is_active": true}}, {"model": "core.student", "pk": 34, "fields": {"roll_number": "IC-2K23-33", "name": "HANSIKA GURJAR", "password": "pbkdf2_sha256$720000$2miutUQio0WOWAmXSA5ynO$38rZLukS7wy/xuD0cp0HxwuRKvGVKuLjnPTinOzyEsA=", "section": "A", "email": null, "is_active": true}}, {"model": "core.student", "pk": 35, "fields": {"roll_number": "IC-2K23-34", "name": "HARSH DEV SINGH THAKUR", "password": "pbkdf2_sha256$720000$nWGl6bOoLhX3e2ZMk04l8P$WDE22REaRgNb7JlA/b1oQlytgeAOK/5wlzUTswdAgsk=", "section": "A", "email": null, "is_active": true}}, {"model": "core.student", "pk": 36, "fields": {"roll_number": "IC-2K23-35", "name": "HARSHIT HARDIYA", "password": "pbkdf2_sha256$720000$vmdYW3Mqqpo4nowabQgdjM$h//Yqb8y4BvKxyHyXnqkd+WM6nIfZVyr0sR1MM3xjXU=", "section": "A", "email": null, "is_active": true}}, {"model": "core.student", "pk": 37, "fields": {"roll_number": "IC-2K23-36", "name": "HARSHIT SONEL", "password": "pbkdf2_sha256$720000$exqRccITERJAZPqQz0TFbz$EM9xJC9VDWxqMzy4psF4gdF3Fm0nYFV8c54umVZQqr8=", "section": "A", "email": null, "is_active": true}}, {"model": "core.student", "pk": 38, "fields": {"roll_number": "IC-2K23-37", "name": "HARSHITA SOHNER", "password": "pbkdf2_sha256$720000$NZotN9uDf990YbzMoP9lVL$0I6/FpR92F3DWjUTYpXMEyoNO5Ifa8CdKV0vvzDRf80=", "section": "A", "email": null, "is_active": true}}, {"model": "core.student", "pk": 39, "fields": {"roll_number": "IC-2K23-38", "name": "HIMANSHU KANAS", "password": "pbkdf2_sha256$720000$opwCqMS8DIebdrDyOKW1Qv$Ao3aVl2eXsBc+Pti8+ZjpKZuKcfjs+yfKJkV28pNthI=", "section": "A", "email": null, "is_active": true}}, {"model": "core.student", "pk": 40, "fields": {"roll_number": "IC-2K23-39", "name": "HITESH GUPTA", "password": "pbkdf2_sha256$720000$kD1HJq7si7YhczRZakraFE$fqeFu9RpcQsMh2pz3SfrTyEmDhs/dmKkdIb/BYmGonM=", "section": "A", "email": null, "is_active": true}}, {"model": "core.student", "pk": 41, "fields": {"roll_number": "IC-2K23-40", "name": "ISHA KHAN", "password": "pbkdf2_sha256$720000$WB0SlS7XpaMJvZf2CWkWNi$jdMwJBwMSMDf5VJPVBymWi7Y3FMOD5YeCY08sfi7HeE=", "section": "A", "email": null, "is_active": true}}, {"model": "core.student", "pk": 42, "fields": {"roll_number": "IC-2K23-41", "name": "ISHA VEERWANI", "password": "pbkdf2_sha256$720000$5QnB8PN8jXmIKg7tmfZkFI$f2LkcGKpKZLfuBGpVT8cr28QURPR7Lii27zAeJ4FhI4=", "section": "A", "email": null, "is_active": true}}, {"model": "core.student", "pk": 43, "fields": {"roll_number": "IC-2K23-42", "name": "ISHITA AGRAWAL", "password": "pbkdf2_sha256$720000$6Rb392agFrGljOvxFzS0Tm$Sja6F+XrN3Au8Q8MRJ7k9meyx4arO7srHvhNNZ8SZKo=", "section": "A", "email": null, "is_active": true}}, {"model": "core.student", "pk": 44, "fields": {"roll_number": "IC-2K23-43", "name": "JAGRATI TRIPATHI", "password": "pbkdf2_sha256$720000$cmAAKw9r66gVq8Gh6a9a0p$4L6C1VaXjMAf7U/PgG/fqLlLq9fLwV0209OJB0bn7ck=", "section": "A", "email": null, "is_active": true}}, {"model": "core.student", "pk": 45, "fields": {"roll_number": "IC-2K23-44", "name": "JALAJ MEHTA", "password": "pbkdf2_sha256$720000$CvnSejWR32ZZBfyUnGZxW4$Ioi6USQdtnT+Frs7n3KrLCVqIxCS5QfRfXj+MlapFOs=", "section": "A", "email": null, "is_active": true}}, {"model": "core.student", "pk": 46, "fields": {"roll_number": "IC-2K23-45", "name": "JAYESH SOLANKI", "password": "pbkdf2_sha256$720000$6Mr4hoV30H325ywtnt1rbz$cfmnMflSxPq5lrsq7zCIxh5WUbKZ7tPan5qHIodZjvU=", "section": "A", "email": null, "is_active": true}}, {"model": "core.student", "pk": 47, "fields": {"roll_number": "IC-2K23-46", "name": "JEET VERMA", "password": "pbkdf2_sha256$720000$53AhYEtpIMGnF8qhiuGVOs$XI5/DqxrLriiv+8Jp5f0rHq8OZdkP8JA83HXTrb9zu8=", "section": "A", "email": null, "is_active": true}}, {"model": "core.student", "pk": 48, "fields": {"roll_number": "IC-2K23-47", "name": "KALPANA PATIDAR", "password": "pbkdf2_sha256$720000$RiMSYP23l8ZsorGi51sYa5$xnzQIcBoSKgFtha88g78upjqYf/arYwQPun/8krcp6I=", "section": "A", "email": null, "is_active": true}}, {"model": "core.student", "pk": 49, "fields": {"roll_number": "IC-2K23-48", "name": "KARTIK GURJAR", "password": "pbkdf2_sha256$720000$EqmPfn9RgqC6Il6ZfHDni9$6cjkgPb91xCwEqfSJM9YaHZJGAyfxJB6V+zjBOJtcYc=", "section": "A", "email": null, "is_active": true}}, {"model": "core.student", "pk": 50, "fields": {"roll_number": "IC-2K23-49", "name": "KASHISH NANKANI", "password": "pbkdf2_sha256$720000$rSdCuXly2moOmvZo2upFOs$4j5raYdeKpYwGEWpY2NFCalqz0JVuUc89+RgxY5zLbk=", "section": "A", "email": null, "is_active": true}}, {"model": "core.student", "pk": 51, "fields": {"roll_number": "IC-2K23-50", "name": "KESHAV SHARMA", "password": "pbkdf2_sha256$720000$JpubFOvUb8Is2wv57svGke$jiGda6GM/jWnQKm/r6tEduT5IX29HAbjaVaLPDJ9P4E=", "section": "A", "email": null, "is_active": true}}, {"model": "core.student", "pk": 53, "fields": {"roll_number": "IC-2K22-87", "name": "SNEHA SALVE", "password": "pbkdf2_sha256$720000$OMBPvyH64KGDZs9KGZSFB9$f1/wN1PyorSSZwLxHprGhBEyYcoZb1xW8v3fOC5SoyE=", "section": "B", "email": null, "is_active": true}}, {"model": "core.student", "pk": 54, "fields": {"roll_number": "IC-2K23-51", "name": "KHUSHI DIXIT", "password": "pbkdf2_sha256$720000$GZqYp8NmnFS83WQqQdWhz6$jRKI+sDwLq5NjllK69svGXP+EV2cAUkG2elLA7JoY2o=", "section": "B", "email": null, "is_active": true}}, {"model": "core.student", "pk": 55, "fields": {"roll_number": "IC-2K23-52", "name": "KRISHNKANT UPADHYAY", "password": "pbkdf2_sha256$720000$sHw9q4kOh0z2jluf4GwVE0$Td3FqGq9Rx94eEsKkAPSxU8V+CJeSxCytxG9+X3b7QI=", "section": "B", "email": null, "is_active": true}}, {"model": "core.student", "pk": 56, "fields": {"roll_number": "IC-2K23-54", "name": "LALIT SOLANKI", "password": "pbkdf2_sha256$720000$IBxO07R7UKvipMjV81d6KG$SuPcHu8ap0qQDh87UU/4BmQXbyCrCCQSt/hFod3kdns=", "section": "B", "email": null, "is_active": true}}, {"model": "core.student", "pk": 57, "fields": {"roll_number": "IC-2K23-55", "name": "MAHAK LODHI", "password": "pbkdf2_sha256$720000$MIL0FrIZI4tHwQbUfAMMIN$O1mQc07MQyDjmtJVV9Wku/6fMSf3cLCAV++9b+IpyxY=", "section": "B", "email": null, "is_active": true}}, {"model": "core.student", "pk": 58, "fields": {"roll_number": "IC-2K23-56", "name": "MAHIMA CHHABRA", "password": "pbkdf2_sha256$720000$q0cM38sQV0FhZDyGjVpwTX$43TTDaccv1op9nWuQb5+fNYBhXucKjvyDTG/6CLVrD4=", "section": "B", "email": null, "is_active": true}}, {"model": "core.student", "pk": 59, "fields": {"roll_number": "IC-2K23-57", "name": "MANAS PATHAK", "password": "pbkdf2_sha256$720000$XBKHjjQ5BLypP6OFV4ioCg$NSf5rJ3OPOKWQPJjjLCHGnYTE7FcRv2H075aUgkPT8g=", "section": "B", "email": null, "is_active": true}}, {"model": "core.student", "pk": 60, "fields": {"roll_number": "IC-2K23-58", "name": "MANTHAN SHARMA", "password": "pbkdf2_sha256$720000$u04mMLz6j0qoB0yUdsdcH8$xVC+UJUPgvFW7V9WNrY+di7vDMtBGgjgG+f73raz7UM=", "section": "B", "email": null, "is_active": true}}, {"model": "core.student", "pk": 61, "fields": {"roll_number": "IC-2K23-60", "name": "NACHIKETA NAYAK", "password": "pbkdf2_sha256$720000$7QRJ2zc4wOOLHm8JlK48jW$ZkNonijZRr0Lh7MQSJ7VzmiAgvsyMqCA+1vEPkVHwmE=", "section": "B", "email": null, "is_active": true}}, {"model": "core.student", "pk": 62, "fields": {"roll_number": "IC-2K23-61", "name": "NAINA RAGHUWANSHI", "password": "pbkdf2_sha256$720000$k7YXVH09q0OO5RTckE8FEE$v4RJNGuG34BR52nt0BD90Z1oB+mZCuAHExfY28hVH/o=", "section": "B", "email": null, "is_active": true}}, {"model": "core.student", "pk": 63, "fields": {"roll_number": "IC-2K23-62", "name": "NANDANI RATHORE", "password": "pbkdf2_sha256$720000$AZkTrzTZOT04jWXNKjCu4c$wD8z5o6zP/rYaRnkxoTCuOJwA07UO27RUXuD3EVVfAg=", "section": "B", "email": null, "is_active": true}}, {"model": "core.student", "pk": 64, "fields": {"roll_number": "IC-2K23-63", "name": "NIKHIL PATEL", "password": "pbkdf2_sha256$720000$rmkeI0oYYyeHGoQkjsyNZS$H5XE8V8cUEvmPgaDatrZTFOsES/7tJksVXEj7QspyNc=", "section": "B", "email": null, "is_active": true}}, {"model": "core.student", "pk": 65, "fields": {"roll_number": "IC-2K23-64", "name": "PARANJAY SHARMA", "password": "pbkdf2_sha256$720000$HjUX8bD5Li24L3F1FpFkEZ$Sm7RgEzvzntj/glNqM47f8ra5qYzmK/nXo0x74mYmNg=", "section": "B", "email": null, "is_active": true}}, {"model": "core.student", "pk": 66, "fields": {"roll_number": "IC-2K23-65", "name": "PRAGATI SIKARWAR", "password": "pbkdf2_sha256$720000$0ILUlL98BUEdcD1ksstsR2$O7aJV9T3o/TmnwBNXHLDNLBIiir20Q5W+ehHIYe43oo=", "section": "B", "email": null, "is_active": true}}, {"model": "core.student", "pk": 67, "fields": {"roll_number": "IC-2K23-66", "name": "PRAKHAR PANCHOLI", "password": "pbkdf2_sha256$720000$0tpgxD91UFmhiqmKjE1iJV$KercTfKKRuFcR7qu7wERIFSKxnFh1P1IcTux1oZ0IaM=", "section": "B", "email": null, "is_active": true}}, {"model": "core.student", "pk": 68, "fields": {"roll_number": "IC-2K23-67", "name": "PRANEETA PATIDAR", "password": "pbkdf2_sha256$720000$UPtDZClvk6glmchc1uIOpY$xfOsibE17PlunOaeMoUIGjAJslAOMoLw7UXEeYEz0xo=", "section": "B", "email": null, "is_active": true}}, {"model": "core.student", "pk": 69, "fields": {"roll_number": "IC-2K23-68", "name": "PRANJAL YADAV", "password": "pbkdf2_sha256$720000$WeGogFLeo56hbQXEqzS2nw$VS/potgrTASXVrJokfH1TNkAqjL9g0A4l6KftUhQInQ=", "section": "B", "email": null, "is_active": true}}, {"model": "core.student", "pk": 70, "fields": {"roll_number": "IC-2K23-69", "name": "PRITAM SINGH RATHORE", "password": "pbkdf2_sha256$720000$B2DStQ0GvhyPTN2NRxnQMC$kEA8pb4GlgfRlSDRBOBvUNsxk/JrpUv42D7BLyA+ScI=", "section": "B", "email": null, "is_active": true}}, {"model": "core.student", "pk": 71, "fields": {"roll_number": "IC-2K23-70", "name": "PRIYANKA GOSWAMI", "password": "pbkdf2_sha256$720000$mMExp3eSlZ5otdqMbT0f4b$GUSY4iHYbHozRJi6XUi7pCud5eRw89WeEadbpcTvNEc=", "section": "B", "email": null, "is_active": true}}, {"model": "core.student", "pk": 72, "fields": {"roll_number": "IC-2K23-71", "name": "RAJ GOUR", "password": "pbkdf2_sha256$720000$K8ouDHER1bTRErrhwId0bo$N92s1MlJ/d6ZzEbvkMDJ5QcVAvUqX2eDZL6xqao592g=", "section": "B", "email": null, "is_active": true}}, {"model": "core.student", "pk": 73, "fields": {"roll_number": "IC-2K23-72", "name": "RISHABH DULGAJ", "password": "pbkdf2_sha256$720000$9m1wE0SIjtscE85UPl6CfQ$nCWngPIulvFWtSsmKuMRgj99ZrxWReJAXWrii5q2k8w=", "section": "B", "email": null, "is_active": true}}, {"model": "core.student", "pk": 74, "fields": {"roll_number": "IC-2K23-73", "name": "ROHAN LAKHAN", "password": "pbkdf2_sha256$720000$cblad5oX3z54r6wFzEOgwO$r1ivO7+kTfGmmM5wFDVTyEOQs8tl6I2k6RbLKsyRS2M=", "section": "B", "email": null, "is_active": true}}, {"model": "core.student", "pk": 75, "fields": {"roll_number": "IC-2K23-74", "name": "RUDRA JAGGI", "password": "pbkdf2_sha256$720000$xR7UVzLnszUNmPrQjzVb6T$Qkx7gMZvo1BDX4lowvuMhPt4c4h0Tu03UQVGxH53SuY=", "section": "B", "email": null, "is_active": true}}, {"model": "core.student", "pk": 76, "fields": {"roll_number": "IC-2K23-75", "name": "RUDRA SADAWARTE", "password": "pbkdf2_sha256$720000$QQmjjiHgcZSDkTaTjBkwiL$Mab9l+EGOBfwAs5vuhT8PsW/wWvY6eeQEelawVd3B+8=", "section": "B", "email": null, "is_active": true}}, {"model": "core.student", "pk": 77, "fields": {"roll_number": "IC-2K23-76", "name": "RUNNU PATIDAR", "password": "pbkdf2_sha256$720000$5ruX4AhdvYCkuEASX8dJFV$I6+YzqNgaQwMFXT8SgMLGdI7B34J7FRPpA1sXnuR4Kg=", "section": "B", "email": null, "is_active": true}}, {"model": "core.student", "pk": 78, "fields": {"roll_number": "IC-2K23-79", "name": "SAMBHAV SHARMA", "password": "pbkdf2_sha256$720000$GS4YfVloVVXhvtIR5F392i$C7ljjlxXjWv1N7/lfhesSEwvCVqEud/wNp9iK1A8b+Y=", "section": "B", "email": null, "is_active": true}}, {"model": "core.student", "pk": 79, "fields": {"roll_number": "IC-2K23-80", "name": "SHANTANU PALIWAL", "password": "pbkdf2_sha256$720000$fylPxieCskIcVWok9hM1Pc$wo61CUzxHfNlv/T8wky7GM/6yjeX8PdtStIPUv5EMCc=", "section": "B", "email": null, "is_active": true}}, {"model": "core.student", "pk": 80, "fields": {"roll_number": "IC-2K23-81", "name": "SHIVKANT PATEL", "password": "pbkdf2_sha256$720000$EIDglLY1mCHc67ezkwmRNE$ZIr8jtV7UZeuB4KkSCV+7bL5p1N75yiejKqItPk81uw=", "section": "B", "email": null, "is_active": true}}, {"model": "core.student", "pk": 81, "fields": {"roll_number": "IC-2K23-82", "name": "SHREYA PATIDAR", "password": "pbkdf2_sha256$720000$81uOKCME76be0F9UdoCMym$Nfg2hl8ZQq2Tigrlnp+dss/nqzAciMjQGZNQ9cd0/Kc=", "section": "B", "email": null, "is_active": true}}, {"model": "core.student", "pk": 82, "fields": {"roll_number": "IC-2K23-83", "name": "SHREYANSH SHIVHARE", "password": "pbkdf2_sha256$720000$ixnnA8ssnkZyrhnrk90zLH$FhrZ0M14l0csXx4I9oEyhH4hXHbUBegQ63HiI0KJRB0=", "section": "B", "email": null, "is_active": true}}, {"model": "core.student", "pk": 83, "fields": {"roll_number": "IC-2K23-84", "name": "SHREYAS NAMDEO", "password": "pbkdf2_sha256$720000$o57Yc4DtRnxWGMrmt8Um91$0XsvvWm1mBwmwf3SN3nTls7yzKJFwLRh3CBtKW68NtA=", "section": "B", "email": null, "is_active": true}}, {"model": "core.student", "pk": 84, "fields": {"roll_number": "IC-2K23-85", "name": "SHRIJAL KUMAR JAISWAL", "password": "pbkdf2_sha256$720000$rYtV6wyP72SMYQKwUIlt6o$mse3wWAO5dv5qsUPOsuSv6yx4Ukl5COAKnL7ceL1A0E=", "section": "B", "email": null, "is_active": true}}, {"model": "core.student", "pk": 85, "fields": {"roll_number": "IC-2K23-86", "name": "SIDDHANT JAIN", "password": "pbkdf2_sha256$720000$qaTlgPH9uUCEVWTnYRmaz2$bT2K+91v6Zwpf8P7+nywv9pt1SeY/093DipZ4Wavo9A=", "section": "B", "email": null, "is_active": true}}, {"model": "core.student", "pk": 86, "fields": {"roll_number": "IC-2K23-87", "name": "SNEHA SOLANKI", "password": "pbkdf2_sha256$720000$L2f3WQVo3vMkh886Nd62pt$WU5FFZhFgENkHrY2WxehZ0yRANJDh9ejXAu8KuoHxdo=", "section": "B", "email": null, "is_active": true}}, {"model": "core.student", "pk": 87, "fields": {"roll_number": "IC-2K23-88", "name": "SUMIT YOGI", "password": "pbkdf2_sha256$720000$k6P74vcasodYhnoPLaNRi0$48ArgFK2IYZQzCuuqJ2SDRod2t7i9URt+k5G9wzluqo=", "section": "B", "email": null, "is_active": true}}, {"model": "core.student", "pk": 88, "fields": {"roll_number": "IC-2K23-89", "name": "SURUCHI KUMARI", "password": "pbkdf2_sha256$720000$aWJrWOC4FjmjtYirNRZBux$j3vsGa3IpkbVuiJ8Sb3GENtepOfx7kioN/aI3Eg5fQc=", "section": "B", "email": null, "is_active": true}}, {"model": "core.student", "pk": 89, "fields": {"roll_number": "IC-2K23-90", "name": "SUSHMEET KAUR SALUJA", "password": "pbkdf2_sha256$720000$tBU5hUhpxbiCw5lE13RB5G$08OhH6xA4UDpk/OiZ+2r+jkIGI7EuYCo4fpeud2NfZQ=", "section": "B", "email": null, "is_active": true}}, {"model": "core.student", "pk": 90, "fields": {"roll_number": "IC-2K23-91", "name": "SWASTIK SHINDE", "password": "pbkdf2_sha256$720000$oKj9N3e5GZYm5JwHQnOkaL$x0C71AuEslZtx+UuJGHuvG88mblVtLiuZoL/QngFNn8=", "section": "B", "email": null, "is_active": true}}, {"model": "core.student", "pk": 91, "fields": {"roll_number": "IC-2K23-92", "name": "TANISH SETHIYA", "password": "pbkdf2_sha256$720000$KBulnqoPGqMW5C7GMkkUXH$5m5Rclnm7vlzEAJ0hpUXCPpfO5i5awxEXivJbg96KQo=", "section": "B", "email": null, "is_active": true}}, {"model": "core.student", "pk": 92, "fields": {"roll_number": "IC-2K23-93", "name": "TANISHA NAGWANI", "password": "pbkdf2_sha256$720000$zGKWNrSTRN30FGO2q4NUOy$RvU/S7i+Qs7iPUKQ5Mho/DxVu9cADKcQnTzqgfCeIqo=", "section": "B", "email": null, "is_active": true}}, {"model": "core.student", "pk": 93, "fields": {"roll_number": "IC-2K23-94", "name": "TANUSHKA KAMLE", "password": "pbkdf2_sha256$720000$JE5fXnKODe0ZLbSIpAf8Yv$xTBIoE1T82RbcsH+sbhpacpTTxADYv0xjfRz8FUxkVk=", "section": "B", "email": null, "is_active": true}}, {"model": "core.student", "pk": 94, "fields": {"roll_number": "IC-2K23-95", "name": "TASNEEM SAFDARI", "password": "pbkdf2_sha256$720000$gzFr09lfsA9h2DTHDhJ2Ib$iYlxkslrEDGUxUi7erXxDwGcA61gB27DBYP2/WVPsn8=", "section": "B", "email": null, "is_active": true}}, {"model": "core.student", "pk": 95, "fields": {"roll_number": "IC-2K23-96", "name": "TUSHAR KHARADE", "password": "pbkdf2_sha256$720000$qpPdLnjGKNzVxBJchZ56R0$v7AFhTltrKqhkuDjDvHqykiIdOjLNEJDmmGPM8c/KD4=", "section": "B", "email": null, "is_active": true}}, {"model": "core.student", "pk": 96, "fields": {"roll_number": "IC-2K23-97", "name": "TUSHAR PAWAR", "password": "pbkdf2_sha256$720000$hSVY9QfL9O992tr3e5FoEQ$7zo94dQN4soC4R3udzPgDNHNNvOlVNdxDlAMiI4akj4=", "section": "B", "email": null, "is_active": true}}, {"model": "core.student", "pk": 97, "fields": {"roll_number": "IC-2K23-98", "name": "UTKARSH DUBEY", "password": "pbkdf2_sha256$720000$0z2SNbBdkFWzS744Z9ODY0$srU+bDBDik69xSWWsc7PWaNK55Tq8/OJi45G/pKeBJc=", "section": "B", "email": null, "is_active": true}}, {"model": "core.student", "pk": 98, "fields": {"roll_number": "IC-2K23-99", "name": "VINISHA WAGH", "password": "pbkdf2_sha256$720000$1N77AUGnYdRI53CToMmWFG$49BcuJjQDr1lDnNtTHs/pBuFBGzI8gRABseWpCXnaBQ=", "section": "B", "email": null, "is_active": true}}, {"model": "core.student", "pk": 99, "fields": {"roll_number": "IC-2K23-100", "name": "YASH GURJAR", "password": "pbkdf2_sha256$720000$aqN4aqyQIX8afp2ehrOuQD$YeZpgoH5RkWZmngqm8uACHv+SsZIuly82Fl9vj97Hyk=", "section": "B", "email": null, "is_active": true}}, {"model": "core.student", "pk": 100, "fields": {"roll_number": "IC-2K23-101", "name": "YASH KUMAR CHOUREY", "password": "pbkdf2_sha256$720000$9jGkKY3DTFi3ba1UyyXThb$f1vI+mCDknPpb8AbHHBGgMik3ZbYQdEJYbBSneK1k0s=", "section": "B", "email": null, "is_active": true}}, {"model": "core.student", "pk": 101, "fields": {"roll_number": "IC-2K23-102", "name": "NEHA BHADKARE", "password": "pbkdf2_sha256$720000$0iR3gnsJvfQjNCFGPeHcuE$25u5RX6h8uNplbLxp8wYhZydQUYg3Re9Ts9jCsKML0k=", "section": "B", "email": null, "is_active": true}}, {"model": "core.student", "pk": 102, "fields": {"roll_number": "C-2K22-73", "name": "SANDEEP YADAV", "password": "pbkdf2_sha256$720000$6lp0W9uumI83tXJLaKsgsQ$KHRRXCLXlB+fwsswBlGofyhQtxWVTYZ0EIpjOnHs8Ac=", "section": "B", "email": null, "is_active": true}}, {"model": "core.classschedule", "pk": 90, "fields": {"teacher": 56, "subject": "System Analysis and Design", "room_number": "22", "day": "Monday", "start_time": "22:04:00", "end_time": "12:04:00", "target_section": "A", "is_active": true}}, {"model": "core.classschedule", "pk": 92, "fields": {"teacher": 56, "subject": "Cloud Computing", "room_number": "101", "day": "Monday", "start_time": "21:54:00", "end_time": "22:54:00", "target_section": "A", "is_active": true}}, {"model": "core.classschedule", "pk": 93, "fields": {"teacher": 56, "subject": "Cloud Computing", "room_number": "110", "day": "Thursday", "start_time": "16:52:00", "end_time": "18:52:00", "target_section": "A", "is_active": true}}, {"model": "core.classschedule", "pk": 94, "fields": {"teacher": 56, "subject": "Operating Systems", "room_number": "202", "day": "Thursday", "start_time": "18:53:00", "end_time": "19:53:00", "target_section": "A", "is_active": true}}, {"model": "core.notification", "pk": 187, "fields": {"schedule": 94, "message": "Class 'Operating Systems' scheduled for 18:53 today is now ON.", "timestamp": "2026-05-07T11:23:43.245Z"}}, {"model": "core.dailyclassstatus", "pk": 68, "fields": {"schedule": 90, "date": "2026-04-13", "status": false, "is_started": false}}, {"model": "core.dailyclassstatus", "pk": 71, "fields": {"schedule": 90, "date": "2026-05-04", "status": false, "is_started": false}}, {"model": "core.dailyclassstatus", "pk": 73, "fields": {"schedule": 92, "date": "2026-05-04", "status": true, "is_started": true}}, {"model": "core.dailyclassstatus", "pk": 74, "fields": {"schedule": 93, "date": "2026-05-07", "status": false, "is_started": false}}, {"model": "core.dailyclassstatus", "pk": 75, "fields": {"schedule": 94, "date": "2026-05-07", "status": true, "is_started": true}}, {"model": "core.studentattendance", "pk": 3402, "fields": {"daily_class": 73, "student": 2, "is_present": false}}, {"model": "core.studentattendance", "pk": 3403, "fields": {"daily_class": 73, "student": 3, "is_present": false}}, {"model": "core.studentattendance", "pk": 3404, "fields": {"daily_class": 73, "student": 4, "is_present": false}}, {"model": "core.studentattendance", "pk": 3405, "fields": {"daily_class": 73, "student": 5, "is_present": false}}, {"model": "core.studentattendance", "pk": 3406, "fields": {"daily_class": 73, "student": 6, "is_present": false}}, {"model": "core.studentattendance", "pk": 3407, "fields": {"daily_class": 73, "student": 7, "is_present": false}}, {"model": "core.studentattendance", "pk": 3408, "fields": {"daily_class": 73, "student": 8, "is_present": false}}, {"model": "core.studentattendance", "pk": 3409, "fields": {"daily_class": 73, "student": 9, "is_present": false}}, {"model": "core.studentattendance", "pk": 3410, "fields": {"daily_class": 73, "student": 10, "is_present": false}}, {"model": "core.studentattendance", "pk": 3411, "fields": {"daily_class": 73, "student": 11, "is_present": false}}, {"model": "core.studentattendance", "pk": 3412, "fields": {"daily_class": 73, "student": 12, "is_present": false}}, {"model": "core.studentattendance", "pk": 3413, "fields": {"daily_class": 73, "student": 13, "is_present": false}}, {"model": "core.studentattendance", "pk": 3414, "fields": {"daily_class": 73, "student": 14, "is_present": false}}, {"model": "core.studentattendance", "pk": 3415, "fields": {"daily_class": 73, "student": 15, "is_present": false}}, {"model": "core.studentattendance", "pk": 3416, "fields": {"daily_class": 73, "student": 16, "is_present": false}}, {"model": "core.studentattendance", "pk": 3417, "fields": {"daily_class": 73, "student": 17, "is_present": false}}, {"model": "core.studentattendance", "pk": 3418, "fields": {"daily_class": 73, "student": 18, "is_present": false}}, {"model": "core.studentattendance", "pk": 3419, "fields": {"daily_class": 73, "student": 19, "is_present": false}}, {"model": "core.studentattendance", "pk": 3420, "fields": {"daily_class": 73, "student": 20, "is_present": false}}, {"model": "core.studentattendance", "pk": 3421, "fields": {"daily_class": 73, "student": 21, "is_present": false}}, {"model": "core.studentattendance", "pk": 3422, "fields": {"daily_class": 73, "student": 22, "is_present": false}}, {"model": "core.studentattendance", "pk": 3423, "fields": {"daily_class": 73, "student": 23, "is_present": false}}, {"model": "core.studentattendance", "pk": 3424, "fields": {"daily_class": 73, "student": 24, "is_present": false}}, {"model": "core.studentattendance", "pk": 3425, "fields": {"daily_class": 73, "student": 25, "is_present": true}}, {"model": "core.studentattendance", "pk": 3426, "fields": {"daily_class": 73, "student": 26, "is_present": false}}, {"model": "core.studentattendance", "pk": 3427, "fields": {"daily_class": 73, "student": 27, "is_present": false}}, {"model": "core.studentattendance", "pk": 3428, "fields": {"daily_class": 73, "student": 28, "is_present": false}}, {"model": "core.studentattendance", "pk": 3429, "fields": {"daily_class": 73, "student": 29, "is_present": false}}, {"model": "core.studentattendance", "pk": 3430, "fields": {"daily_class": 73, "student": 30, "is_present": false}}, {"model": "core.studentattendance", "pk": 3431, "fields": {"daily_class": 73, "student": 31, "is_present": false}}, {"model": "core.studentattendance", "pk": 3432, "fields": {"daily_class": 73, "student": 32, "is_present": false}}, {"model": "core.studentattendance", "pk": 3433, "fields": {"daily_class": 73, "student": 33, "is_present": false}}, {"model": "core.studentattendance", "pk": 3434, "fields": {"daily_class": 73, "student": 34, "is_present": false}}, {"model": "core.studentattendance", "pk": 3435, "fields": {"daily_class": 73, "student": 35, "is_present": false}}, {"model": "core.studentattendance", "pk": 3436, "fields": {"daily_class": 73, "student": 36, "is_present": false}}, {"model": "core.studentattendance", "pk": 3437, "fields": {"daily_class": 73, "student": 37, "is_present": false}}, {"model": "core.studentattendance", "pk": 3438, "fields": {"daily_class": 73, "student": 38, "is_present": false}}, {"model": "core.studentattendance", "pk": 3439, "fields": {"daily_class": 73, "student": 39, "is_present": false}}, {"model": "core.studentattendance", "pk": 3440, "fields": {"daily_class": 73, "student": 40, "is_present": false}}, {"model": "core.studentattendance", "pk": 3441, "fields": {"daily_class": 73, "student": 41, "is_present": false}}, {"model": "core.studentattendance", "pk": 3442, "fields": {"daily_class": 73, "student": 42, "is_present": false}}, {"model": "core.studentattendance", "pk": 3443, "fields": {"daily_class": 73, "student": 43, "is_present": false}}, {"model": "core.studentattendance", "pk": 3444, "fields": {"daily_class": 73, "student": 44, "is_present": false}}, {"model": "core.studentattendance", "pk": 3445, "fields": {"daily_class": 73, "student": 45, "is_present": false}}, {"model": "core.studentattendance", "pk": 3446, "fields": {"daily_class": 73, "student": 46, "is_present": false}}, {"model": "core.studentattendance", "pk": 3447, "fields": {"daily_class": 73, "student": 47, "is_present": false}}, {"model": "core.studentattendance", "pk": 3448, "fields": {"daily_class": 73, "student": 48, "is_present": false}}, {"model": "core.studentattendance", "pk": 3449, "fields": {"daily_class": 73, "student": 49, "is_present": false}}, {"model": "core.studentattendance", "pk": 3450, "fields": {"daily_class": 73, "student": 50, "is_present": false}}, {"model": "core.studentattendance", "pk": 3451, "fields": {"daily_class": 73, "student": 51, "is_present": false}}, {"model": "core.studentattendance", "pk": 3452, "fields": {"daily_class": 73, "student": 53, "is_present": false}}, {"model": "core.studentattendance", "pk": 3453, "fields": {"daily_class": 73, "student": 54, "is_present": false}}, {"model": "core.studentattendance", "pk": 3454, "fields": {"daily_class": 73, "student": 55, "is_present": false}}, {"model": "core.studentattendance", "pk": 3455, "fields": {"daily_class": 73, "student": 56, "is_present": false}}, {"model": "core.studentattendance", "pk": 3456, "fields": {"daily_class": 73, "student": 57, "is_present": false}}, {"model": "core.studentattendance", "pk": 3457, "fields": {"daily_class": 73, "student": 58, "is_present": false}}, {"model": "core.studentattendance", "pk": 3458, "fields": {"daily_class": 73, "student": 59, "is_present": false}}, {"model": "core.studentattendance", "pk": 3459, "fields": {"daily_class": 73, "student": 60, "is_present": false}}, {"model": "core.studentattendance", "pk": 3460, "fields": {"daily_class": 73, "student": 61, "is_present": false}}, {"model": "core.studentattendance", "pk": 3461, "fields": {"daily_class": 73, "student": 62, "is_present": false}}, {"model": "core.studentattendance", "pk": 3462, "fields": {"daily_class": 73, "student": 63, "is_present": false}}, {"model": "core.studentattendance", "pk": 3463, "fields": {"daily_class": 73, "student": 64, "is_present": false}}, {"model": "core.studentattendance", "pk": 3464, "fields": {"daily_class": 73, "student": 65, "is_present": false}}, {"model": "core.studentattendance", "pk": 3465, "fields": {"daily_class": 73, "student": 66, "is_present": false}}, {"model": "core.studentattendance", "pk": 3466, "fields": {"daily_class": 73, "student": 67, "is_present": false}}, {"model": "core.studentattendance", "pk": 3467, "fields": {"daily_class": 73, "student": 68, "is_present": false}}, {"model": "core.studentattendance", "pk": 3468, "fields": {"daily_class": 73, "student": 69, "is_present": false}}, {"model": "core.studentattendance", "pk": 3469, "fields": {"daily_class": 73, "student": 70, "is_present": false}}, {"model": "core.studentattendance", "pk": 3470, "fields": {"daily_class": 73, "student": 71, "is_present": false}}, {"model": "core.studentattendance", "pk": 3471, "fields": {"daily_class": 73, "student": 72, "is_present": false}}, {"model": "core.studentattendance", "pk": 3472, "fields": {"daily_class": 73, "student": 73, "is_present": false}}, {"model": "core.studentattendance", "pk": 3473, "fields": {"daily_class": 73, "student": 74, "is_present": false}}, {"model": "core.studentattendance", "pk": 3474, "fields": {"daily_class": 73, "student": 75, "is_present": false}}, {"model": "core.studentattendance", "pk": 3475, "fields": {"daily_class": 73, "student": 76, "is_present": false}}, {"model": "core.studentattendance", "pk": 3476, "fields": {"daily_class": 73, "student": 77, "is_present": false}}, {"model": "core.studentattendance", "pk": 3477, "fields": {"daily_class": 73, "student": 78, "is_present": false}}, {"model": "core.studentattendance", "pk": 3478, "fields": {"daily_class": 73, "student": 79, "is_present": false}}, {"model": "core.studentattendance", "pk": 3479, "fields": {"daily_class": 73, "student": 80, "is_present": false}}, {"model": "core.studentattendance", "pk": 3480, "fields": {"daily_class": 73, "student": 81, "is_present": false}}, {"model": "core.studentattendance", "pk": 3481, "fields": {"daily_class": 73, "student": 82, "is_present": false}}, {"model": "core.studentattendance", "pk": 3482, "fields": {"daily_class": 73, "student": 83, "is_present": false}}, {"model": "core.studentattendance", "pk": 3483, "fields": {"daily_class": 73, "student": 84, "is_present": false}}, {"model": "core.studentattendance", "pk": 3484, "fields": {"daily_class": 73, "student": 85, "is_present": false}}, {"model": "core.studentattendance", "pk": 3485, "fields": {"daily_class": 73, "student": 86, "is_present": false}}, {"model": "core.studentattendance", "pk": 3486, "fields": {"daily_class": 73, "student": 87, "is_present": false}}, {"model": "core.studentattendance", "pk": 3487, "fields": {"daily_class": 73, "student": 88, "is_present": false}}, {"model": "core.studentattendance", "pk": 3488, "fields": {"daily_class": 73, "student": 89, "is_present": false}}, {"model": "core.studentattendance", "pk": 3489, "fields": {"daily_class": 73, "student": 90, "is_present": false}}, {"model": "core.studentattendance", "pk": 3490, "fields": {"daily_class": 73, "student": 91, "is_present": false}}, {"model": "core.studentattendance", "pk": 3491, "fields": {"daily_class": 73, "student": 92, "is_present": false}}, {"model": "core.studentattendance", "pk": 3492, "fields": {"daily_class": 73, "student": 93, "is_present": false}}, {"model": "core.studentattendance", "pk": 3493, "fields": {"daily_class": 73, "student": 94, "is_present": false}}, {"model": "core.studentattendance", "pk": 3494, "fields": {"daily_class": 73, "student": 95, "is_present": false}}, {"model": "core.studentattendance", "pk": 3495, "fields": {"daily_class": 73, "student": 96, "is_present": false}}, {"model": "core.studentattendance", "pk": 3496, "fields": {"daily_class": 73, "student": 97, "is_present": false}}, {"model": "core.studentattendance", "pk": 3497, "fields": {"daily_class": 73, "student": 98, "is_present": false}}, {"model": "core.studentattendance", "pk": 3498, "fields": {"daily_class": 73, "student": 99, "is_present": false}}, {"model": "core.studentattendance", "pk": 3499, "fields": {"daily_class": 73, "student": 100, "is_present": false}}, {"model": "core.studentattendance", "pk": 3500, "fields": {"daily_class": 73, "student": 101, "is_present": false}}, {"model": "core.studentattendance", "pk": 3501, "fields": {"daily_class": 73, "student": 102, "is_present": false}}]